klub avenija,nightclub,21.4268858,41.9956368,
klub kapan an,bar,21.4369808,42.0001669,
